"IN","av","count"
294,63.04,7
1620,24.24,2
97,25.4761111111111,18
231,52.1803448275862,29
573,71.6933333333333,6
781,60,1
833,90.2825,8
976,44.9485,20
1187,25.0466666666667,3
1228,36.3833333333333,3
1632,60,1
1737,60,1
12,60,1
52,30.0712,25
53,113.912653061224,49
61,25.4522222222222,9
69,60,2
82,41.36,3
107,168.61,1
111,60,1
122,35.5472727272727,11
128,114.286458333333,48
138,42.22,3
139,112.02,18
141,78.315,2
143,68.1413043478261,23
145,136.25,1
157,41.4754545454545,11
159,21.4708333333333,12
161,20.585,2
169,67.455,2
204,6.94,1
206,0.065,2
223,146.484390243902,41
266,19.68,1
277,32.25,3
296,65.33,2
307,45.9695238095238,21
328,56.9785714285714,14
332,60,1
347,79.8353333333333,30
351,127.86,3
363,60,1
368,60,1
374,36.88,2
380,104.226,10
399,14.1605555555556,18
413,66.5085714285714,7
416,60.63,1
421,69.7125,4
427,44.2333333333333,24
453,62.0033333333333,3
454,47.49,1
480,60,1
485,59.8766666666667,3
498,66.66,1
503,48.064,5
509,59.4053333333333,15
538,40.11,3
539,107.066,5
551,84.0741666666667,12
559,115.33,1
560,20.05,2
574,34.946,5
582,50.9025,4
598,82.6233333333333,36
600,129.76,5
613,89.7075,4
617,57.0051724137931,29
631,82.9733333333333,3
639,10.41,1
640,38.85,4
643,33.21,1
659,59.7048717948718,39
681,76.114,15
690,93.32,1
692,54.88,1
693,88.4708695652174,23
699,75.065,4
701,32.3864,25
704,24.6417647058824,17
718,49.8481818181818,11
747,34.572,5
751,61.26,7
752,79.325,2
769,48.895,2
777,82.289,20
780,43.2,2
787,115.695,10
793,25.1364285714286,14
799,43.27,1
803,50.4816666666667,6
813,40.0233333333333,3
829,67.8233333333333,3
832,79.432962962963,27
856,62.133125,32
861,78.6125,4
866,74.9061290322581,31
868,133.296666666667,3
883,48.567,10
884,60,2
920,24.75,1
942,44.64,2
956,58.03,2
964,27.576,5
966,139.82,1
984,53.395,2
989,116.1375,4
994,3.64,2
1012,60,3
1022,19.2433333333333,3
1029,60,1
1049,84.1108333333333,12
1051,92.1622727272727,44
1058,84.5656756756757,37
1064,40.5215384615385,39
1067,60,1
1093,60,2
1104,60,1
1105,154.855,2
1111,120.97,4
1117,25.0238888888889,18
1121,75.76875,32
1142,48.0966666666667,3
1158,87.9486440677966,59
1159,51.682,5
1169,41.7542105263158,19
1178,62.1738636363636,44
1212,64.5008333333333,24
1224,31.1175,4
1238,91.454,5
1257,115.026111111111,18
1262,60,1
1303,82.02,1
1313,92.09,1
1315,172.13,1
1317,60,1
1339,104.58375,8
1359,86.1575,4
1361,115.240444444444,45
1362,51.295,2
1388,90.9,6
1398,52.6420833333333,24
1401,73.804,15
1403,60,1
1413,0.895,2
1418,77.0226086956522,23
1420,60,4
1426,90.7523809523809,21
1431,72.3136,25
1434,52.9196,25
1437,60,1
1439,59.304,10
1449,41.4966666666667,3
1450,0.04,1
1455,60,1
1459,27.8419047619048,21
1464,60.09,1
1480,82.50375,8
1488,60,1
1489,63.9483333333333,6
1504,168.03,1
1515,67.5686666666667,15
1542,60,1
1570,34.1807692307692,13
1582,134.17,4
1601,60,2
1610,57.3533333333333,12
1637,30.3,8
1655,53.8464,25
1657,36.3095652173913,23
1679,9.2075,24
1691,71.8369230769231,13
1725,60,2
1732,80.9665,20
1734,80.543,10
1736,57.41,3
1744,51.1722580645161,31
1746,136.12,1
1,67.0258823529412,17
2,76.631,10
3,64.31,2
4,64.135,8
5,62.1483333333333,18
6,49.0966666666667,9
7,43.6116666666667,6
8,60,1
9,71.0216666666667,6
10,15.38,1
11,52.957,10
13,46.9952173913044,23
14,37.6916666666667,12
15,71.1148275862069,29
16,37.73,1
17,41.29,1
18,34.04,2
19,66.06,1
20,93.24,17
21,63.9615384615385,13
22,77.9920833333333,24
23,66.9638461538461,13
24,57.278,10
25,52.93,2
26,60,1
27,60,1
28,92.49,5
29,38.6454545454545,11
30,24.3708,25
31,37.918,5
32,60,1
33,60,2
34,49.2866666666667,3
35,74.8014285714286,14
36,60,1
37,41.91,3
38,60.85,3
39,76.55,4
40,79.8666666666667,3
41,99.36,1
42,31.552,10
43,54.742380952381,21
44,95.3725,4
45,61.5570833333333,24
46,92.615,4
47,60,1
48,89.55,4
49,100.375,8
50,66.975,14
51,60,3
54,45.4536363636364,11
55,34.57,2
56,60,1
57,31.88,1
58,43.75,2
59,30.065,2
60,57.7728571428571,7
62,28.3238461538462,26
63,100.122222222222,9
64,56.59,5
65,91.3433333333333,3
66,67.305,4
67,48.96,1
68,125.665,2
70,53.5681818181818,11
71,66.475,2
72,60,1
73,78.6833333333333,39
74,60,1
75,23.42,3
76,63.506,5
77,82.00625,8
78,0.23,1
79,64.3233333333333,12
80,51.9866666666667,3
81,118.85,3
83,71.8,2
84,117.88,1
85,60,1
86,45.0475,4
87,95.02125,8
88,94.9875,4
89,71.765,12
90,49.5628571428571,14
91,127.469418604651,86
92,57.855,2
93,88.1975,4
94,56.62,2
95,22.1709523809524,21
96,52.1933333333333,3
98,60,1
99,80.46,1
100,133.91,3
101,55.2133333333333,3
102,86.6715384615385,13
103,55,7
104,107.17,3
105,25.0005,20
106,60,1
108,54.12,1
109,46.6375,4
110,137,1
112,24.8213333333333,15
113,60,1
114,58.8542857142857,14
115,63.148,5
116,46.5666666666667,3
117,30.095,2
118,28.0525,12
119,45.4028571428571,7
120,71.62375,8
121,70.736,10
123,40.0364705882353,17
124,83.2815789473684,19
125,60,1
126,162.966875,16
127,111.6,3
129,49.004,10
130,15.27,1
131,77.688,5
132,53.15,7
133,81.38,1
134,56.1033333333333,6
135,66.31625,8
136,86.67,1
137,60,1
140,114.43,2
142,30.09,2
144,63.63,1
146,55.6054545454545,22
147,76.96,19
148,60,2
149,36.05,3
150,105.633333333333,3
151,10.014,10
152,60,1
153,39.53,1
154,60,1
155,53.4411111111111,9
156,41.5866666666667,6
158,60,1
160,77.26,3
162,112.43,1
163,59.4525,4
164,62.0633333333333,3
165,46.8585714285714,7
166,30.7775,4
167,60,1
168,58.075,36
170,48.4225,16
171,42.4071428571429,7
172,52.525,8
173,60,1
174,102.64,7
175,8.18909090909091,11
176,80.98,1
177,27.55,3
178,103.528,5
179,35.8496551724138,29
180,23.425,2
181,68.9014285714286,7
182,60,2
183,85.2925,4
184,77.0007692307692,13
185,63.4,1
186,60,1
187,56.94,1
188,60,1
189,76.9088888888889,9
190,35.8525925925926,27
191,44.4153333333333,15
192,129.963333333333,3
193,71.6,2
194,98.37,15
195,89.537619047619,21
196,0.21,1
197,54.175,2
198,75.3557142857143,14
199,60,2
200,60,1
201,74.4083333333333,6
202,83.7045,20
203,60,1
205,80.215,2
207,60,1
208,71.79,16
209,60,8
210,63.375,2
211,50.382,5
212,60,1
213,51.3377777777778,9
214,2.76,1
215,81.6518918918919,37
216,60,1
217,45.6592857142857,28
218,0.075,2
219,51.5911111111111,27
220,70.768,5
221,78.0097297297297,37
222,60,3
224,68.0056,25
225,37.3164705882353,17
226,60,1
227,39.82,2
228,73.5336666666667,30
229,102.911714285714,35
230,62.87375,16
232,112.0625,4
233,78.6385714285714,7
234,28.45,1
235,60,6
236,93.929,20
237,67.19,2
238,100.615,4
239,56.63,1
240,95.02,1
241,53.5175,20
242,60,1
243,70.92,3
244,96.2088888888889,36
245,50.77125,8
246,60,3
247,42.735,2
248,58.2028571428571,7
249,31.6133333333333,3
250,48.62,1
251,33.13,2
252,60,1
253,32.0733333333333,3
254,115.4325,12
255,96.4526666666667,15
256,65.565,2
257,34.9505263157895,19
258,94.08,1
259,63.6,2
260,110.51,13
261,57.96875,8
262,80.4093333333333,15
263,54.765,2
264,61.9325,8
265,24.505,2
267,66.012,20
268,42.4957142857143,14
269,75.4523809523809,21
270,7.555,2
271,105.93,1
272,53.36,3
273,43.795,16
274,71.2375,4
275,126.71,1
276,85.5033333333333,6
278,60,1
279,126.343636363636,22
280,60,1
281,60,1
282,0.14,1
283,86.2528571428571,7
284,21.53,3
285,46.83,1
286,59.1333333333333,30
287,60.5333333333333,3
288,60,1
289,102.84,22
290,75.918,5
291,31.1885714285714,14
292,73.27,13
293,49.1568965517241,29
295,49.9622222222222,18
297,60,1
298,28.3488888888889,18
299,75.8533333333333,3
300,0.56,1
301,77.3983333333333,6
302,60,1
303,60.9966666666667,3
304,0.16,1
305,83.2614285714286,7
306,57.7729166666667,24
308,35.313,20
309,27.2328571428571,35
310,65.24875,8
311,51.4428571428571,7
312,232.28,1
313,60.23,2
314,26.02,1
315,60,2
316,2.81954545454545,22
317,59.9983333333333,12
318,15.37,1
319,91.615,14
320,60,2
321,52.585,16
322,67.4766666666667,3
323,39.9211111111111,9
324,70.6807142857143,28
325,0.22,1
326,60,1
327,60,5
329,30.19,1
330,75.318,5
331,94.5668421052632,19
333,60,1
334,60,2
335,63.16,1
336,89.77,9
337,60.891,10
338,60,1
339,60,8
340,68.837,10
341,46.9325,12
342,26.6036363636364,11
343,19.0230769230769,13
344,105.768888888889,9
345,67.64,10
346,60,1
348,49.3354545454545,22
349,43.0433333333333,3
350,65.2825,4
352,84.3492857142857,28
353,22.54,1
354,37.5005555555556,18
355,90.7507142857143,28
356,40.41,1
357,61.48,3
358,35.262,20
359,52.6359090909091,22
360,66.8485714285714,7
361,20.08,1
362,60,1
364,47.74,3
365,69.6874193548387,31
366,60,5
367,156.367142857143,7
369,60,3
370,132.98,1
371,56.7892,25
372,105.912380952381,21
373,43.82,2
375,95.7858333333333,24
376,62.5,1
377,48.475,2
378,60,39
379,37.895,2
381,28.8772413793103,29
382,60,1
383,25.9370833333333,24
384,75.825,52
385,90.85,2
386,54.68,1
387,22.3266666666667,12
388,21.2528571428571,7
389,60,2
390,87.84375,8
391,40.0166666666667,3
392,26.6285714285714,21
393,49.1242857142857,14
394,36.935,4
395,86.145,22
396,45.6225,4
397,52.6131578947368,19
398,62.5214814814815,27
400,55.746,20
401,60,1
402,48.1975,4
403,59.1611111111111,9
404,60,1
405,25.7,1
406,93.0481081081081,74
407,197.368,10
408,54.8563636363636,22
409,66.3333333333333,3
410,41.1577777777778,9
411,62.0514285714286,7
412,96.52,1
414,31.3334782608696,23
415,54.11,1
417,104.78,2
418,96.46125,24
419,105.24625,8
420,20.32,2
422,60,1
423,60,1
424,58.3222222222222,9
425,60,1
426,77.62,3
428,36.082,5
429,28.9735714285714,28
430,49.5253846153846,26
431,41.25,1
432,23.51,2
433,33.9926666666667,15
434,69.9972727272727,11
435,73.07,2
436,60,4
437,102.723888888889,18
438,117.35,1
439,78.89,1
440,55.4586363636364,22
441,43.195,2
442,51.605,20
443,60.55,1
444,19.8,5
445,103.95,10
446,99.9875,4
447,24.8009090909091,22
448,63.575,4
449,60,1
450,60,1
451,60,2
452,50.4088,25
455,0.14,2
456,58.3533333333333,18
457,60,1
458,5.92,1
459,60,1
460,56.5,1
461,55.1726086956522,23
462,60,3
463,33.8233333333333,3
464,0.13,1
465,67.101875,16
466,60,5
467,46.230350877193,57
468,99.15,2
469,12.5,1
470,58.2642857142857,21
471,103.76,3
472,49.006,5
473,5.52,1
474,78.0692105263158,38
475,52.808,5
476,47.36,1
477,55.39,4
478,0.09,1
479,49.7763636363636,11
481,0.145,2
482,105.170555555556,18
483,83.8886666666667,15
484,78.5957894736842,19
486,48.26,8
487,60,1
488,38.9633333333333,3
489,95.81,1
490,66.03875,16
491,60,2
492,60,5
493,80.9277777777778,9
494,38.08,2
495,33.9206060606061,33
496,39.52,3
497,26.805,4
499,30.145,2
500,0.223125,16
501,54.62,1
502,23.64,1
504,60,1
505,63.8640740740741,27
506,57.065,8
507,60,1
508,60,1
510,16.9209090909091,11
511,44.4307692307692,13
512,30.03,2
513,78.44,2
514,68.0790243902439,41
515,71.9792857142857,14
516,37.7563636363636,22
517,60,12
518,66.3141176470588,17
519,111.04,1
520,60,1
521,82.1484210526316,19
522,71.175,2
523,36.4884615384615,26
524,35.68,18
525,60,1
526,128.046086956522,23
527,22.91,1
528,60,1
529,61.9385714285714,21
530,77.43,16
531,91.4471428571429,7
532,64.2457142857143,14
533,93.77,3
534,80.3438095238095,42
535,78.495,2
536,105.195,2
537,74.1,5
540,60,1
541,33.16,1
542,58.120625,16
543,101.004090909091,22
544,68.1727272727273,11
545,84.2335714285714,14
546,30.035,2
547,53.015,4
548,76.4047368421053,19
549,34.485,8
550,31.0894736842105,19
552,109.29,1
553,63.4436111111111,36
554,60,1
555,78.6014285714286,7
556,21.13,1
557,49.1030769230769,13
558,66.8025,4
561,47.27,2
562,64.9633333333333,12
563,60,1
564,72.7232142857143,28
565,60,2
566,51.58,35
567,60,2
568,154.95,3
569,17.83,1
570,80.46,1
571,46.5333333333333,6
572,166.66625,24
575,77.2775,28
576,60,1
577,60,1
578,7.19,1
579,63.7275,8
580,34,1
581,62.13,1
583,60,2
584,16.66,4
585,60,2
586,40.9971428571429,21
587,12.42,1
588,61.8014285714286,7
589,52.4475,20
590,60,1
591,73.53,5
592,21.5278571428571,14
593,42.4133333333333,9
594,48.3766666666667,9
595,60,4
596,46.68,2
597,39.0192307692308,26
599,67.17,1
601,137.53,1
602,77.4783870967742,31
603,5.69,2
604,79.4948148148148,27
605,116.4,1
606,52.625,2
607,60,1
608,68.0833333333333,6
609,113.929824561404,57
610,79.3514285714286,7
611,54.1838888888889,18
612,54.7044444444444,9
614,34.435,2
615,72.52,1
616,66.1266666666667,6
618,101.714375,16
619,70.35,13
620,57.2113157894737,38
621,55.6133333333333,9
622,40.9666666666667,3
623,77.797037037037,27
624,78.31,1
625,45.748,5
626,50.6355555555556,9
627,22.5425,4
628,59.17,3
629,83.7233333333333,3
630,60,1
632,23.27,2
633,87.1,10
634,60,1
635,39.93625,8
636,86.55,7
637,85.465,2
638,60,2
641,6.59,1
642,92.344,5
644,146.333333333333,3
645,38.61,1
646,68.96,1
647,17.14,1
648,60.8894117647059,17
649,51.73,1
650,47.85,4
651,161.23,1
652,0.21,1
653,23.495,2
654,92.8025,4
655,180.69,1
656,24.104,10
657,84.9122222222222,9
658,58.1022222222222,9
660,103.996296296296,27
661,46.2325,4
662,60,1
663,24.66,2
664,55.1222222222222,18
665,60,2
666,141.315,2
667,43.8973684210526,19
668,100.608,5
669,37.3341379310345,29
670,26.0742857142857,14
671,61.9155555555556,9
672,28.91,1
673,43.9942857142857,7
674,99.1739130434783,23
675,87.3632,25
676,59.84,1
677,38.3783333333333,18
678,0.19,2
679,60,1
680,45.1561538461538,13
682,49.0333333333333,3
683,72.73,2
684,45.72,1
685,19.78,1
686,41.27,4
687,54.8713333333333,15
688,6.81571428571429,7
689,64.6183333333333,6
691,41.09,1
694,37.2946666666667,15
695,60,1
696,36.8766666666667,6
697,45.29,2
698,60,1
700,62.17625,8
702,45.83,1
703,60,1
705,57.203,20
706,82.8466666666667,21
707,30.05,2
708,0.95,1
709,109.55,4
710,40.84,16
711,66.8345454545454,44
712,65.3744,25
713,10.04,1
714,60,2
715,60.74,2
716,0.7,1
717,60,1
719,84.0575,4
720,58.4014814814815,27
721,50.6766666666667,3
722,60.4966666666667,9
723,5.70166666666667,6
724,60,1
725,32.494,20
726,108.7525,4
727,69.4776470588235,17
728,40.0466666666667,3
729,48.86,21
730,26.017,10
731,60,1
732,33.4075,4
733,36.434347826087,23
734,20.2011764705882,17
735,66.4,1
736,60,1
737,60,5
738,37.5375,8
739,60,1
740,36.7878947368421,19
741,5.65,1
742,67.6405882352941,17
743,43.0533333333333,3
744,132.0025,8
745,60,1
746,60,1
748,63.2665957446808,47
749,44.975,2
750,57.5,3
753,11.24,1
754,96.701,10
755,60.01,4
756,99.925,2
757,60,2
758,95.059,10
759,51.45,2
760,17.4257142857143,7
761,99.33,8
762,44.0681818181818,11
763,60,1
764,207.72,1
765,60,1
766,96.755,2
767,49.912,5
768,82.6163636363636,22
770,44.43875,16
771,45.511,10
772,60,7
773,52.5766666666667,15
774,69.4333333333333,12
775,20.6,16
776,57.4225,4
778,50.514,10
779,48.3083333333333,24
782,60,1
783,55.7,1
784,34.1192592592593,27
785,30.035,2
786,73.1333333333333,3
788,60,1
789,33.88,1
790,60,1
791,31.5726923076923,26
792,16.1004,25
794,60,4
795,62.53,1
796,60,1
797,60,1
798,28.936,10
800,113.466875,32
801,112.538571428571,7
802,75.52,1
804,13.3,1
805,60,1
806,26.94,3
807,93.98,1
808,31.625,2
809,60,5
810,115.305,2
811,51.54,4
812,96.12,9
814,39.43,2
815,54.4175,4
816,64.10125,8
817,60,1
818,60,1
819,95.3771428571429,7
820,86.8163157894737,19
821,60,1
822,56.2164285714286,14
823,80.37,4
824,40.5154545454545,11
825,66.7923076923077,13
826,1.54,1
827,60,2
828,34.4133333333333,24
830,76.3833333333333,27
831,77.7125714285714,35
834,129.205714285714,7
835,60,1
836,67.53,1
837,60,1
838,87.883,10
839,97.5516279069767,43
840,86.471,30
841,57.14,2
842,23.745,2
843,78.4007142857143,14
844,110.992820512821,39
845,93.2303225806452,31
846,82.97,1
847,60,3
848,74.0233333333333,3
849,58.415,8
850,92.7825,24
851,94.53,1
852,66.7358333333333,12
853,60,1
854,188.99,1
855,68.2757142857143,14
857,83.5496153846154,26
858,60,6
859,60,1
860,0.953333333333333,3
862,60,1
863,124.936666666667,6
864,43.4686666666667,30
865,80.3566666666667,18
867,14.37,1
869,30.085,2
870,47.6566666666667,18
871,26.87,2
872,93.36,22
873,32.3,1
874,60,1
875,36.6477777777778,18
876,58.95,1
877,72.9191666666667,12
878,49.46,1
879,0.24,1
880,60,4
881,25.4583333333333,12
882,104.926153846154,13
885,76.6766666666667,3
886,30.19,2
887,82.1664705882353,17
888,95.8459459459459,37
889,79.34875,8
890,73.4388888888889,9
891,54.917,20
892,75.08,1
893,60,1
894,52.715,2
895,17.63,1
896,80.5025,4
897,70.4115789473684,38
898,20.5254545454545,11
899,38.435,2
900,74.2333333333333,3
901,58.1,4
902,103.365476190476,42
903,61.84,1
904,73.5633333333333,27
905,3.005,2
906,31.76,4
907,60,1
908,14.2420833333333,24
909,51.745,2
910,86.3165909090909,44
911,38.5725,4
912,70.3816666666667,30
913,0.84,1
914,90.042,5
915,64.66,3
916,22.7854545454545,11
917,63.6866666666667,3
918,60,1
919,45.2076923076923,13
921,53.4427272727273,11
922,81.735,14
923,60,1
924,56.3166666666667,3
925,68.3475,4
926,28.53,8
927,115.160555555556,18
928,61.6058823529412,17
929,38.55625,16
930,49.541,40
931,90.2151428571429,35
932,60,1
933,79.695,2
934,61.56,3
935,60,1
936,46.785,2
937,106.516,5
938,62.885,4
939,24.9883333333333,6
940,20.77,1
941,76.9385714285714,28
943,99.5783333333333,6
944,96.27,3
945,84.7953846153846,13
946,60,9
947,63.226,15
948,60.605,4
949,44.05,3
950,64.53,1
951,105.557,10
952,65.2988888888889,9
953,86.5825,4
954,174.05,1
955,60,1
957,60,1
958,40.0266666666667,3
959,30.095,2
960,139.479736842105,38
961,37.0791666666667,12
962,9.555,2
963,24.8409090909091,11
965,51.35,2
967,60,5
968,65.2228571428571,7
969,70.7076923076923,13
970,60,1
971,30.23,2
972,5.115,2
973,48.07,1
974,53.6696,25
975,78.58,1
977,99.03,2
978,44.98,1
979,82.1133333333333,6
980,3.03,1
981,35.71,1
982,133.011794871795,39
983,117.17,1
985,111.983636363636,11
986,55.0391666666667,24
987,66.2852631578947,19
988,53.7346153846154,13
990,38.8221428571429,14
991,36.3,1
992,31.11,2
993,60,1
995,62.2866666666667,12
996,164.765,8
997,29.18125,8
998,84.9892307692308,13
999,119.035,2
1000,78.53,1
1001,70.1709090909091,11
1002,60.87875,8
1003,36.13625,16
1004,60,1
1005,60,1
1006,60,1
1007,45.0375,4
1008,23.14,1
1009,27.27,1
1010,78.08,1
1011,86.4875,4
1013,75.28,10
1014,60,1
1015,97.8095833333333,24
1016,56.7885714285714,14
1017,91.4211111111111,9
1018,33.8902702702703,37
1019,83.81,2
1020,113.375,6
1021,44.9683333333333,24
1023,60,1
1024,43.4819047619048,21
1025,60,1
1026,85.5633333333333,24
1027,118.9,2
1028,3.43,1
1030,32.38,3
1031,60,3
1032,51.9371428571429,7
1033,101.5125,4
1034,60,6
1035,60,5
1036,24.44,1
1037,58.493,20
1038,60,1
1039,79.5433333333333,3
1040,6.55,1
1041,60,1
1042,60,3
1043,50.221,10
1044,60,1
1045,43.5,15
1046,14.254,5
1047,85.4366666666667,39
1048,83.9728571428572,14
1050,40.86,1
1052,87.0491666666667,24
1053,60,1
1054,111.3848,25
1055,60,1
1056,15.765,2
1057,121.645555555556,9
1059,74.4561538461538,13
1060,184.38,1
1061,23.6,4
1062,48.63,4
1063,34.46825,40
1065,61.11,1
1066,23.24,1
1068,60,3
1069,44.6207142857143,14
1070,72.4833333333333,21
1071,145.071730769231,52
1072,51.2723076923077,13
1073,67.01,1
1074,74.09,1
1075,60,1
1076,49.94375,8
1077,60.380350877193,57
1078,60,1
1079,129.498235294118,17
1080,6.49,1
1081,48.895,4
1082,103.13,1
1083,60.2396666666667,30
1084,52.66,2
1085,60,1
1086,34.538,5
1087,82.94,2
1088,60,1
1089,60,1
1090,75.3933333333333,6
1091,19.733,10
1092,31.44,3
1094,60,1
1095,58.8635714285714,14
1096,89.89,2
1097,12.2875,20
1098,102.05,3
1099,132.5425,4
1100,34.4886666666667,15
1101,44.921,30
1102,60,1
1103,117.755,2
1106,30.07,2
1107,76.05,1
1108,52.2457142857143,7
1109,60,1
1110,53.6166666666667,3
1112,69.8406666666667,30
1113,40.6129166666667,24
1114,137.759444444444,18
1115,66.78,5
1116,60,1
1118,56.473,20
1119,48.84,1
1120,67.7521052631579,19
1122,63.4636363636364,11
1123,67.76,2
1124,43.6433333333333,3
1125,60,1
1126,64.4088888888889,18
1127,60,1
1128,35.7957142857143,7
1129,0.21,1
1130,57.5775,8
1131,59.93,3
1132,41.6529411764706,17
1133,54.1716666666667,6
1134,60,1
1135,78.7158823529412,17
1136,30.38,2
1137,106.06,2
1138,80.605,2
1139,57.745,6
1140,56.87,1
1141,55.6133333333333,3
1143,38.2975,4
1144,86.3464285714286,14
1145,30.045,2
1146,60,1
1147,60,1
1148,113.062727272727,22
1149,60,1
1150,20.8507142857143,14
1151,0.26,1
1152,60,1
1153,60,11
1154,23.2695238095238,21
1155,60,1
1156,0.22,1
1157,83.99,3
1160,37.1842857142857,21
1161,45.42,1
1162,30.16,1
1163,74.345,2
1164,173.26,1
1165,58.41,3
1166,96.2352941176471,17
1167,57.0033333333333,6
1168,60,1
1170,109.161111111111,9
1171,58.9016666666667,12
1172,60,1
1173,98.01,1
1174,73.9583333333333,30
1175,34.57,1
1176,87.44125,8
1177,70.43,1
1179,58.9947368421053,38
1180,32.535625,16
1181,90.2216666666667,6
1182,61.4166666666667,6
1183,50.2784210526316,19
1184,112.845,2
1185,30.05,2
1186,60,1
1188,39.477037037037,27
1189,45.025,4
1190,45.0366666666667,3
1191,28.4551162790698,43
1192,32.895,2
1193,60,1
1194,31.0591304347826,23
1195,65.5511111111111,27
1196,60,1
1197,54.228,5
1198,76.04125,8
1199,78.31,35
1200,99.22,1
1201,60,1
1202,84.7441666666667,12
1203,60.7276470588235,17
1204,147.265,2
1205,47.6888888888889,18
1206,35.155,2
1207,60,1
1208,66.8011764705882,17
1209,29.0073684210526,19
1210,118.043636363636,11
1211,60,1
1213,79.38,1
1214,67.1,1
1215,78.044,20
1216,30.025,2
1217,65.175,10
1218,0.08,1
1219,83.4373684210526,19
1220,59.407027027027,37
1221,0.06,1
1222,20.8,11
1223,32.83,23
1225,20.265,2
1226,64.8276923076923,13
1227,30.11,2
1229,125.655,2
1230,16.63,6
1231,49.67,2
1232,47.87,1
1233,96.77,1
1234,20.8909523809524,21
1235,106.251304347826,23
1236,45.0964705882353,17
1237,102.67,1
1239,59.86,3
1240,59.8233333333333,3
1241,50.9412,25
1242,76.92,2
1243,92.4916666666667,6
1244,60,1
1245,15.915,2
1246,60,5
1247,48.7882352941176,17
1248,50.3457142857143,7
1249,28.8844444444444,9
1250,30.12,2
1251,75.58,1
1252,61.9742857142857,7
1253,27.9375,4
1254,49.53,15
1255,54.3825,8
1256,60,1
1258,58.12,4
1259,11.652,5
1260,54.776,10
1261,50.9342857142857,14
1263,75.6,1
1264,49.41,1
1265,60,1
1266,23.88,1
1267,53.34,9
1268,44.06,5
1269,85.6064705882353,17
1270,71.63375,16
1271,30.085,2
1272,51.4471428571429,7
1273,61.4666666666667,9
1274,44.8638888888889,18
1275,28.415,2
1276,26.6,1
1277,60.5546153846154,13
1278,87.534,5
1279,46.3173333333333,30
1280,23.47,10
1281,18.6,2
1282,68.58,1
1283,44.6684210526316,19
1284,70.8354545454545,11
1285,36.5172727272727,11
1286,60,1
1287,115.04,11
1288,143.631666666667,30
1289,98.885,2
1290,60,1
1291,21.235,2
1292,54.9103846153846,26
1293,39.2090909090909,11
1294,145.84,2
1295,37.217,10
1296,73.906,10
1297,49.74,3
1298,7.14428571428571,7
1299,61.815,2
1300,52.115625,16
1301,63.014,10
1302,30.16,2
1304,60,1
1305,50.3329411764706,17
1306,118.013125,32
1307,126.888333333333,12
1308,60,1
1309,42.255,2
1310,58.4853846153846,13
1311,60,2
1312,45.06,1
1314,32.8875,4
1316,36.8390909090909,22
1318,60,1
1319,67.62,23
1320,96.1658620689655,29
1321,60,2
1322,85.5625,4
1323,60,1
1324,62.9,1
1325,64.485,2
1326,60,2
1327,60.8209090909091,11
1328,60,1
1329,96.1987755102041,49
1330,4.65,2
1331,18.0377419354839,31
1332,38.7833333333333,3
1333,84.5776190476191,21
1334,58.0333333333333,9
1335,60,2
1336,65.9535294117647,17
1337,123.220579710145,69
1338,92.837,30
1340,94.171,70
1341,139.745,2
1342,60,1
1343,85.9925,12
1344,60,1
1345,60,1
1346,58.265,6
1347,60,4
1348,52.1242857142857,7
1349,60,1
1350,41.0675,4
1351,35.155,2
1352,60,2
1353,60,1
1354,0.09,1
1355,68.6914285714286,7
1356,60,1
1357,83.355,22
1358,27.1747619047619,21
1360,0.19,1
1363,60,2
1364,59.0983333333333,6
1365,23.0213333333333,15
1366,65.39125,8
1367,60,4
1368,31.5190909090909,11
1369,73.455,2
1370,60,1
1371,44.2157142857143,7
1372,60,2
1373,45.72,7
1374,50.0188235294118,17
1375,54.79,22
1376,0.6,1
1377,56.835,10
1378,62.74,1
1379,64.265,4
1380,64.0466666666667,12
1381,47.51,1
1382,60,2
1383,60,6
1384,57.9433333333333,3
1385,106.261888888889,90
1386,60,1
1387,37.25,1
1389,60,1
1390,65.0835294117647,17
1391,30.3795238095238,21
1392,36.72875,8
1393,7.58739130434783,23
1394,86.0482,50
1395,62.2342105263158,19
1396,60,1
1397,51.588,5
1399,52.406,5
1400,71.1293333333333,15
1402,84.549,30
1404,0.15,2
1405,55.2707692307692,26
1406,24.44,1
1407,52.91,4
1408,49.987,10
1409,60,1
1410,22.62,1
1411,41.066,5
1412,43.2972413793103,29
1414,41.525,4
1415,21.1305,20
1416,60,1
1417,84.7763636363636,11
1419,29.3447619047619,21
1421,74.0526666666667,30
1422,65.2214285714286,14
1423,65.4533333333333,9
1424,76.1,1
1425,43.5566666666667,21
1427,23.7895,20
1428,30.105,2
1429,59.9746666666667,15
1430,42.1911764705882,17
1432,43.545,2
1433,28.8366666666667,3
1435,60,1
1436,45.37,2
1438,74.4430769230769,26
1440,58.9032,25
1441,60,1
1442,79.835,6
1443,134.97,2
1444,110.91,4
1445,46.8792,25
1446,120.606,10
1447,74.795,10
1448,54.9270588235294,17
1451,23.21,1
1452,250.4,1
1453,96.58,1
1454,85.1866666666667,3
1456,72.9766666666667,33
1457,60.2486666666667,15
1458,46.123,10
1460,34.8840625,32
1461,31.844,20
1462,34.28,1
1463,46.2483333333333,6
1465,83.355,2
1466,48.6896153846154,26
1467,31.88,3
1468,76.0420588235294,34
1469,10.575,2
1470,41.205,2
1471,60,1
1472,38.8304,25
1473,44.664,5
1474,60,1
1475,90.9543902439024,41
1476,110.925555555556,9
1477,50.9546153846154,26
1478,129.681818181818,11
1479,86.41,3
1481,60,1
1482,60,1
1483,51.9766666666667,3
1484,60,1
1485,39.805,2
1486,64.1708333333333,12
1487,37.7982608695652,23
1490,87.0195652173913,23
1491,49.4046153846154,13
1492,32.9697142857143,35
1493,64.44,1
1494,41.28,4
1495,101.4,20
1496,103.609090909091,11
1497,31.4604,25
1498,74.876,10
1499,60,1
1500,61.9733333333333,9
1501,69.4466666666667,3
1502,60,1
1503,20.63,2
1505,60,1
1506,66.08,1
1507,46.7566666666667,18
1508,49.83,2
1509,79.4075,4
1510,0.505,2
1511,95.326375,80
1512,25.59,1
1513,76.61,6
1514,35.8590909090909,22
1516,110.087647058824,34
1517,60,8
1518,87.4445454545454,22
1519,33.92,2
1520,0.08,1
1521,83.7,1
1522,15.225,2
1523,12.955,2
1524,23.7424,25
1525,98.765,2
1526,60,1
1527,76.5978947368421,19
1528,29.0215789473684,19
1529,62.1786666666667,15
1530,53.5214285714286,21
1531,61.6106666666667,30
1532,29.7143333333333,30
1533,60,1
1534,63.9,2
1535,50.3338461538462,13
1536,35.1273333333333,30
1537,68.5488888888889,18
1538,48.187037037037,27
1539,122.860769230769,13
1540,77.8429411764706,17
1541,174.666666666667,3
1543,73.43,2
1544,30.075,2
1545,74.4656,25
1546,88.8,1
1547,60,1
1548,59.3483333333333,6
1549,71.3055882352941,34
1550,74.6333333333333,3
1551,67.6442857142857,7
1552,79.8657142857143,7
1553,60,1
1554,30.165,2
1555,71.58,2
1556,87.7175,8
1557,25.93,2
1558,50.5261904761905,21
1559,45.7233333333333,3
1560,2.18,1
1561,106.424230769231,26
1562,34.733,10
1563,89.5829166666667,24
1564,70.09,11
1565,54.0622222222222,18
1566,111.236923076923,13
1567,47.9732258064516,31
1568,79.6766666666667,3
1569,59.1,2
1571,83.2745,20
1572,31.8,2
1573,72.82,2
1574,60,1
1575,76.9235294117647,17
1576,96.0128571428571,7
1577,60,2
1578,62.85,1
1579,60.9088888888889,9
1580,74.1166666666667,30
1581,42.6175,12
1583,62.373125,16
1584,60,1
1585,3.35,1
1586,77.96875,24
1587,55.2127272727273,22
1588,92.8408333333333,12
1589,60,1
1590,60,1
1591,60,2
1592,67.9333333333333,3
1593,92.8613043478261,23
1594,76.7384615384615,13
1595,60,3
1596,81.8836842105263,19
1597,60,10
1598,84.9,5
1599,76.2993333333333,15
1600,47.8978571428571,14
1602,45.635,2
1603,52.0435,20
1604,51.9,7
1605,77.863,10
1606,1.91,1
1607,55.5766666666667,3
1608,46.48,8
1609,58.825,2
1611,60,1
1612,60,1
1613,39.6740740740741,27
1614,60,1
1615,47.19125,8
1616,84.2925,4
1617,14.5310526315789,19
1618,85.6988888888889,9
1619,57.078,10
1621,23.6875,4
1622,60,2
1623,60,1
1624,60,9
1625,58.1605882352941,17
1626,122.695,2
1627,82.6,2
1628,88.3533333333333,12
1629,66.429,10
1630,60,1
1631,101.710476190476,21
1633,54.7866666666667,3
1634,106.776,10
1635,76.446875,32
1636,49.929375,16
1638,60,1
1639,32.58,24
1640,67.6657142857143,7
1641,50.212,5
1642,38.8,1
1643,62.6208333333333,12
1644,49.745,2
1645,28.57,2
1646,68.98,1
1647,98.8766666666667,3
1648,68.3677777777778,9
1649,62.31,1
1650,60,1
1651,83.82,1
1652,52.08,1
1653,60,1
1654,60,1
1656,120.919894736842,95
1658,5.26,1
1659,38.91,1
1660,60,1
1661,63.4971428571429,28
1662,55.9711111111111,9
1663,87.8931818181818,22
1664,31.6343333333333,30
1665,60,1
1666,60,1
1667,100.473333333333,6
1668,52.6228571428571,7
1669,60,1
1670,13.25,2
1671,21.3,1
1672,84.7077777777778,9
1673,64.9827272727273,11
1674,62.4164285714286,14
1675,49.7833333333333,3
1676,77.794,5
1677,30.165,2
1678,12.59,1
1680,70.329375,16
1681,90.5283333333333,6
1682,30.12,2
1683,76.5965,20
1684,7.58,2
1685,49.7541666666667,12
1686,75.904,5
1687,67.3995238095238,63
1688,29.8,1
1689,60,7
1690,65.53,11
1692,47.9266666666667,3
1693,63.1666666666667,3
1694,46.054,5
1695,59.0985714285714,7
1696,50.9685714285714,7
1697,73.9323529411765,17
1698,33.7471428571429,7
1699,64.7313888888889,36
1700,65.5971428571429,7
1701,58.2233333333333,12
1702,60,3
1703,52.2614285714286,7
1704,30.075,2
1705,32.2425,8
1706,96.6209523809524,21
1707,60,1
1708,60,1
1709,53.8380769230769,26
1710,60,1
1711,40.0266666666667,3
1712,249.24,1
1713,39.88,2
1714,60,1
1715,43.5184615384615,13
1716,12.18,1
1717,75.0466666666667,3
1718,13.5148148148148,27
1719,19.556,30
1720,41.2296428571429,28
1721,40.8114285714286,7
1722,78.2916666666667,6
1723,78.0761764705882,34
1724,43.9063636363636,11
1726,46.5976470588235,17
1727,60,3
1728,31.66,1
1729,60,1
1730,56.6376470588235,17
1731,58.2153846153846,13
1733,0.36,1
1735,42.67,5
1738,3.68916666666667,12
1739,63.05,13
1740,60,5
1741,45.3685714285714,7
1742,73.8176666666667,30
1743,60,1
1745,37.5983333333333,6
1747,53.1666666666667,3
1748,77.46,1
1749,111.55,1
1750,62.486,5
1751,66.35,4
1752,34.1,7
