"IN","av","count","class"
289,63.04,7,1
1590,24.24,2,1
96,25.4761111111111,18,1
227,56.0388888888889,27,1
561,71.6933333333333,6,1
1166,37.535,2,1
1706,60,1,1
12,60,1,1
52,30.0712,25,1
53,116.285,48,1
61,25.4522222222222,9,1
106,168.61,1,1
121,35.5472727272727,11,1
127,115.645909090909,44,1
140,78.315,2,1
142,71.2345454545455,22,1
144,136.25,1,1
160,20.585,2,1
168,67.455,2,1
202,6.94,1,1
262,19.68,1,1
273,48.28,2,1
300,53.6088888888889,18,1
339,82.5834482758621,29,1
343,127.86,3,1
366,36.88,2,1
391,15.92375,16,1
413,69.7125,4,1
419,53.0465,20,1
446,47.49,1,1
469,60,1,1
473,59.8766666666667,3,1
497,68.5076923076923,13,1
539,84.0741666666667,12,1
547,115.33,1,1
586,75.3108823529412,34,1
601,89.7075,4,1
605,61.1955555555556,27,1
619,82.9733333333333,3,1
628,38.85,4,1
631,33.21,1,1
678,54.88,1,1
687,32.3864,25,1
690,24.6417647058824,17,1
702,54.762,10,1
736,79.325,2,1
753,48.895,2,1
761,91.41,18,1
764,43.2,2,1
771,103.09875,8,1
777,27.0630769230769,13,1
787,50.4816666666667,6,1
797,60,2,1
816,82.4853846153846,26,1
840,62.133125,32,1
852,133.296666666667,3,1
866,48.567,10,1
938,58.03,2,1
946,34.4575,4,1
948,139.82,1,1
971,116.1375,4,1
976,7.21,1,1
994,60,3,1
1033,92.1622727272727,44,1
1046,42.7094594594595,37,1
1087,154.855,2,1
1123,48.0966666666667,3,1
1191,64.5008333333333,24,1
1201,62.125,2,1
1239,60,1,1
1290,92.09,1,1
1335,86.1575,4,1
1336,97.0617073170732,41,1
1337,51.295,2,1
1372,52.6420833333333,24,1
1377,60,1,1
1391,77.0226086956522,23,1
1393,60,4,1
1399,90.7523809523809,21,1
1404,78.5973913043478,23,1
1407,52.9196,25,1
1412,59.304,10,1
1422,62.11,2,1
1436,60.09,1,1
1461,95.8375,4,1
1486,67.5686666666667,15,1
1540,40.3681818181818,11,1
1627,41.731,20,1
1649,27.3475,8,1
1703,80.543,10,1
1705,57.41,3,1
1713,56.6328571428571,28,1
1715,136.12,1,1
1,51.775,14,1
2,76.631,10,1
5,65.7852941176471,17,1
6,49.0966666666667,9,1
7,52.236,5,1
13,51.4309523809524,21,1
14,41.1081818181818,11,1
15,73.6446428571429,28,1
16,37.73,1,1
19,66.06,1,1
21,83.094,10,1
22,67.1095454545455,22,1
23,66.9638461538461,13,1
24,63.6288888888889,9,1
25,52.93,2,1
29,42.502,10,1
30,24.3708,25,1
31,37.918,5,1
34,49.2866666666667,3,1
35,74.8014285714286,14,1
37,41.91,3,1
41,99.36,1,1
43,57.46,20,1
48,89.55,4,1
54,62.33,8,1
57,31.88,1,1
60,57.7728571428571,7,1
62,30.6808333333333,24,1
63,100.122222222222,9,1
66,67.305,4,1
67,48.96,1,1
71,66.475,2,1
72,60,1,1
73,82.9056756756757,37,1
75,23.42,3,1
76,63.506,5,1
78,77.156,10,1
83,117.88,1,1
85,60,3,1
86,95.02125,8,1
89,49.5628571428571,14,1
90,116.218684210526,76,1
94,23.276,20,1
100,55.2133333333333,3,1
102,55,7,1
103,107.17,3,1
104,26.3031578947368,19,1
105,60,1,1
109,137,1,1
111,26.5885714285714,14,1
114,63.148,5,1
116,60,1,1
117,33.642,10,1
118,52.8766666666667,6,1
122,42.52,16,1
124,60,1,1
129,15.27,1,1
134,75.7528571428571,7,1
135,86.67,1,1
139,114.43,2,1
145,55.6054545454545,22,1
146,62.985,18,1
148,36.05,3,1
149,105.633333333333,3,1
150,11.1155555555556,9,1
153,60,1,1
159,77.26,3,1
161,112.43,1,1
162,59.4525,4,1
163,62.0633333333333,3,1
164,54.6416666666667,6,1
166,60,1,1
169,48.4225,16,1
174,9.99333333333333,9,1
177,103.528,5,1
178,37.1282142857143,28,1
180,68.9014285714286,7,1
182,113.633333333333,3,1
189,35.8525925925926,27,1
191,129.963333333333,3,1
194,89.537619047619,21,1
198,60,1,1
200,76.6047058823529,17,1
201,60,1,1
203,80.215,2,1
208,50.382,5,1
211,2.76,1,1
214,45.6592857142857,28,1
216,70.768,5,1
217,71.8454285714286,35,1
220,68.0056,25,1
221,37.3164705882353,17,1
222,60,1,1
223,39.82,2,1
224,73.5336666666667,30,1
226,62.87375,16,1
229,91.605,6,1
232,93.929,20,1
233,67.19,2,1
235,56.63,1,1
236,95.02,1,1
237,59.4372222222222,18,1
238,60,1,1
239,70.92,3,1
241,50.77125,8,1
242,60,3,1
245,47.3,2,1
246,48.62,1,1
247,66.01,1,1
248,60,1,1
251,96.4526666666667,15,1
253,34.9505263157895,19,1
256,110.51,13,1
257,57.96875,8,1
258,80.4093333333333,15,1
266,15.07,1,1
268,53.36,3,1
270,94.9233333333333,3,1
274,60,1,1
279,32.24,2,1
280,46.83,1,1
283,60,1,1
286,33.5823076923077,13,1
288,74.9605263157895,19,1
290,52.89,17,1
293,31.87625,16,1
294,75.8533333333333,3,1
297,60.9966666666667,3,1
298,83.2614285714286,7,1
299,69.311,20,1
302,28.8748484848485,33,1
303,74.5614285714286,7,1
305,232.28,1,1
307,26.02,1,1
310,59.9983333333333,12,1
311,15.37,1,1
312,91.615,14,1
317,79.1512,25,1
321,30.19,1,1
322,94.1325,4,1
328,89.77,9,1
331,60,8,1
334,32.4744444444444,9,1
337,75.1433333333333,9,1
340,54.262,20,1
342,65.2825,4,1
346,42.145,16,1
347,90.7507142857143,28,1
351,52.6359090909091,22,1
352,77.9783333333333,6,1
356,47.74,3,1
358,60,5,1
362,132.98,1,1
365,87.56,1,1
368,62.5,1,1
369,48.475,2,1
371,37.895,2,1
373,36.3586956521739,23,1
375,25.9370833333333,24,1
376,77.3082352941177,51,1
377,181.65,1,1
380,21.2528571428571,7,1
381,60,2,1
383,60,2,1
384,27.9165,20,1
385,52.8984615384615,13,1
386,49.21,3,1
387,86.145,22,1
388,60.5166666666667,3,1
389,52.6131578947368,19,1
395,59.1611111111111,9,1
397,25.7,1,1
398,90.7311111111111,72,1
399,181.778888888889,9,1
406,37.9157894736842,19,1
410,105.216818181818,22,1
412,40.51,1,1
416,58.3222222222222,9,1
418,77.62,3,1
420,60.0233333333333,3,1
421,28.9735714285714,28,1
422,58.5045454545455,22,1
423,41.25,1,1
425,33.9926666666667,15,1
426,69.9972727272727,11,1
427,73.07,2,1
429,91.365,16,1
432,55.4586363636364,22,1
433,43.195,2,1
436,19.8,5,1
439,24.8009090909091,22,1
442,60,1,1
444,50.4088,25,1
447,61.7764705882353,17,1
448,60,1,1
452,55.1726086956522,23,1
454,50.655,2,1
456,60,5,1
457,47.0546428571429,56,1
458,99.15,2,1
460,61.1725,20,1
462,49.006,5,1
463,5.52,1,1
464,82.3975,36,1
465,65.94,4,1
468,49.7763636363636,11,1
471,89.8764285714286,14,1
472,78.5957894736842,19,1
475,60,1,1
478,66.03875,16,1
480,60,5,1
483,38.578275862069,29,1
484,39.52,3,1
487,60,1,1
488,2.06,1,1
489,54.62,1,1
490,23.64,1,1
492,60,1,1
493,71.8025,24,1
495,60,1,1
498,20.6111111111111,9,1
499,52.4845454545455,11,1
501,78.44,2,1
502,71.5497435897436,39,1
504,39.5519047619048,21,1
506,70.420625,16,1
508,60,1,1
509,82.1484210526316,19,1
512,35.68,18,1
516,60,1,1
519,106.665,6,1
520,64.2457142857143,14,1
521,93.77,3,1
522,78.61,39,1
528,60,1,1
530,58.120625,16,1
531,88.7915,20,1
532,68.1727272727273,11,1
535,70.65,3,1
537,45.925,6,1
538,31.0894736842105,19,1
540,109.29,1,1
542,60,1,1
545,57.9963636363636,11,1
549,47.27,2,1
550,64.9633333333333,12,1
551,60,1,1
552,75.4151851851852,27,1
554,62.2262068965517,29,1
555,60,2,1
558,80.46,1,1
563,86.5444,25,1
571,60,2,1
572,33.225,2,1
573,60,2,1
576,61.8014285714286,7,1
577,58.22,18,1
578,60,1,1
579,73.53,5,1
580,25.0925,12,1
581,42.4133333333333,9,1
582,48.3766666666667,9,1
584,46.68,2,1
585,42.265,24,1
590,77.4783870967742,31,1
591,11.14,1,1
592,82.5484615384615,26,1
593,116.4,1,1
598,79.3514285714286,7,1
599,54.1838888888889,18,1
600,82,6,1
602,34.435,2,1
606,101.714375,16,1
607,70.35,13,1
609,55.6133333333333,9,1
614,50.6355555555556,9,1
615,22.5425,4,1
616,59.17,3,1
622,60,1,1
629,6.59,1,1
630,92.344,5,1
634,68.96,1,1
640,46.73,1,1
641,92.8025,4,1
643,60,4,1
647,103.996296296296,27,1
648,46.2325,4,1
650,49.16,1,1
651,58.3429411764706,17,1
654,43.8973684210526,19,1
656,45.0875,24,1
657,36.422,10,1
660,61.534,5,1
661,103.68,22,1
664,38.3783333333333,18,1
666,48.9058333333333,12,1
671,19.78,1,1
673,63.3061538461538,13,1
674,6.81571428571429,7,1
677,41.09,1,1
680,43.0184615384615,13,1
682,55.2,4,1
683,90.38,1,1
688,45.83,1,1
689,60,1,1
691,57.203,20,1
692,82.8466666666667,21,1
694,109.55,4,1
695,43.556,15,1
696,66.8345454545454,44,1
697,68.09,24,1
699,60,2,1
701,60,1,1
703,84.0575,4,1
704,58.4014814814815,27,1
705,75.97,2,1
706,60.4966666666667,9,1
707,5.70166666666667,6,1
708,60,1,1
709,34.1957894736842,19,1
712,60,2,1
713,51.292,20,1
714,28.8944444444444,9,1
715,60,1,1
717,36.434347826087,23,1
718,22.876,15,1
720,60,1,1
722,60,5,1
723,60,1,1
724,41.1041176470588,17,1
730,60,1,1
732,56.674347826087,46,1
738,96.701,10,1
739,60.01,4,1
741,60,2,1
745,113.497142857143,7,1
746,44.0681818181818,11,1
749,60,1,1
750,96.755,2,1
751,62.365,4,1
752,86.5466666666667,21,1
754,50.7678571428571,14,1
755,45.511,10,1
757,52.5766666666667,15,1
758,69.4333333333333,12,1
759,27.4266666666667,12,1
760,57.4225,4,1
763,48.3083333333333,24,1
767,55.7,1,1
769,60,1,1
770,73.1333333333333,3,1
772,60,1,1
773,33.88,1,1
775,35.6547826086957,23,1
776,16.7525,24,1
782,28.936,10,1
784,117.123225806452,31,1
786,75.52,1,1
789,60,1,1
791,93.98,1,1
792,63.15,1,1
800,64.10125,8,1
804,91.6244444444444,18,1
805,60,1,1
806,56.2164285714286,14,1
808,49.4866666666667,9,1
809,66.7923076923077,13,1
812,35.8960869565217,23,1
814,65.8007692307692,26,1
815,79.9952941176471,34,1
821,60,1,1
823,97.5516279069767,43,1
827,78.4007142857143,14,1
828,110.992820512821,39,1
830,82.97,1,1
833,66.7442857142857,7,1
834,92.7825,24,1
836,66.7358333333333,12,1
839,68.2757142857143,14,1
841,83.5496153846154,26,1
844,2.67,1,1
848,46.5507142857143,28,1
849,85.0782352941176,17,1
854,50.4552941176471,17,1
855,53.13,1,1
859,36.6477777777778,18,1
860,58.95,1,1
861,72.9191666666667,12,1
864,25.4583333333333,12,1
865,104.926153846154,13,1
868,76.6766666666667,3,1
869,60,1,1
870,82.1664705882353,17,1
874,60.9833333333333,18,1
881,20.5254545454545,11,1
883,74.2333333333333,3,1
886,61.84,1,1
890,60,1,1
891,42.63125,8,1
895,55.6924137931034,29,1
896,90.042,5,1
898,25.058,10,1
900,60,1,1
901,45.2076923076923,13,1
903,58.781,10,1
905,60,1,1
906,56.3166666666667,3,1
907,68.3475,4,1
908,32.5857142857143,7,1
910,61.6058823529412,17,1
911,41.1213333333333,15,1
912,55.0427777777778,36,1
913,95.6757575757576,33,1
914,60,1,1
915,79.695,2,1
916,61.56,3,1
921,29.954,5,1
922,20.77,1,1
929,63.226,15,1
931,65.875,2,1
932,64.53,1,1
935,115.37,3,1
936,174.05,1,1
940,60,2,1
942,129.704285714286,35,1
943,37.0791666666667,12,1
950,65.2228571428571,7,1
951,76.5883333333333,12,1
953,60,1,1
956,53.6696,25,1
957,78.58,1,1
960,44.98,1,1
963,35.71,1,1
965,117.17,1,1
968,55.0391666666667,24,1
972,38.8221428571429,14,1
974,62.08,1,1
977,62.2866666666667,12,1
978,161.088333333333,6,1
981,119.035,2,1
982,78.53,1,1
983,77.185,10,1
984,60.87875,8,1
985,38.5306666666667,15,1
987,60,1,1
989,60,3,1
990,23.14,1,1
991,27.27,1,1
995,75.28,10,1
998,61.1438461538462,13,1
1000,36.8688235294118,34,1
1002,113.375,6,1
1003,44.9683333333333,24,1
1006,50.6866666666667,18,1
1009,118.9,2,1
1010,3.43,1,1
1013,60,3,1
1015,101.5125,4,1
1017,60,5,1
1024,60,3,1
1025,55.78,9,1
1028,14.254,5,1
1029,84.0997222222222,36,1
1030,97.9475,12,1
1032,40.86,1,1
1034,90.8317391304348,23,1
1036,100.682916666667,24,1
1039,108.014285714286,7,1
1044,97.14,2,1
1045,37.2556756756757,37,1
1048,23.24,1,1
1051,44.6207142857143,14,1
1054,51.2723076923077,13,1
1058,49.94375,8,1
1060,60,1,1
1063,48.895,4,1
1065,64.5332142857143,28,1
1066,52.66,2,1
1067,60,1,1
1072,75.3933333333333,6,1
1073,49.2075,4,1
1074,46.995,2,1
1077,68.6091666666667,12,1
1078,89.89,2,1
1079,12.2875,20,1
1082,34.4886666666667,15,1
1083,46.4686206896552,29,1
1090,60.9416666666667,6,1
1095,44.2959090909091,22,1
1098,60,1,1
1100,59.4410526315789,19,1
1102,71.5011111111111,18,1
1105,67.76,2,1
1106,65.4,2,1
1108,64.4088888888889,18,1
1110,41.74,6,1
1111,65.7271428571429,7,1
1113,41.6529411764706,17,1
1114,54.1716666666667,6,1
1115,60,1,1
1117,60,1,1
1119,80.605,2,1
1120,57.745,6,1
1121,56.87,1,1
1124,38.2975,4,1
1125,86.3464285714286,14,1
1131,22.4430769230769,13,1
1134,23.2695238095238,21,1
1135,60,1,1
1139,39.0335,20,1
1141,30.16,1,1
1142,74.345,2,1
1143,173.26,1,1
1144,58.41,3,1
1145,102.220625,16,1
1152,98.01,1,1
1153,79.2132142857143,28,1
1155,87.44125,8,1
1158,65.9267647058823,34,1
1159,32.535625,16,1
1161,61.4166666666667,6,1
1162,50.2784210526316,19,1
1163,112.845,2,1
1167,44.3945833333333,24,1
1168,60,3,1
1170,28.4551162790698,43,1
1171,65.69,1,1
1173,31.0591304347826,23,1
1174,65.5511111111111,27,1
1176,54.228,5,1
1180,60,1,1
1184,47.6888888888889,18,1
1187,66.8011764705882,17,1
1188,34.415,16,1
1189,77.02,10,1
1196,65.175,10,1
1198,62.792,35,1
1200,34.3104545454545,22,1
1203,70.1858333333333,12,1
1204,60,1,1
1206,125.655,2,1
1207,19.924,5,1
1208,49.67,2,1
1209,47.87,1,1
1210,96.77,1,1
1211,20.8909523809524,21,1
1214,102.67,1,1
1216,59.86,3,1
1218,55.3547826086957,23,1
1220,110.984,5,1
1221,60,1,1
1222,31.65,1,1
1224,48.7882352941176,17,1
1226,64.58,4,1
1227,60,1,1
1228,75.58,1,1
1232,54.3825,8,1
1235,58.12,4,1
1236,19.2133333333333,3,1
1237,60.8522222222222,9,1
1238,50.9342857142857,14,1
1246,85.6064705882353,17,1
1249,60,6,1
1251,44.8638888888889,18,1
1252,56.44,1,1
1254,71.5472727272727,11,1
1256,51.4555555555556,27,1
1259,68.58,1,1
1260,44.6684210526316,19,1
1267,60,1,1
1269,59.4779166666667,24,1
1270,39.2090909090909,11,1
1272,37.217,10,1
1275,7.14428571428571,7,1
1276,61.815,2,1
1277,52.115625,16,1
1281,60,1,1
1282,50.3329411764706,17,1
1283,121.816774193548,31,1
1287,58.4853846153846,13,1
1293,42.5968421052632,19,1
1296,70.6904545454545,22,1
1304,60.8209090909091,11,1
1305,60,1,1
1306,98.2014583333333,48,1
1307,9.11,1,1
1308,24.2595652173913,23,1
1311,58.0333333333333,9,1
1315,96.0334482758621,29,1
1319,60,1,1
1320,59.6918181818182,11,1
1323,58.265,6,1
1326,60,1,1
1328,69.99,1,1
1333,83.355,22,1
1334,27.1747619047619,21,1
1339,70.88,5,1
1342,60,4,1
1344,73.455,2,1
1345,60,1,1
1349,50.0188235294118,17,1
1350,54.79,22,1
1351,63.0755555555556,9,1
1352,62.74,1,1
1355,47.51,1,1
1356,60,2,1
1363,60,1,1
1364,69.14875,16,1
1367,7.92681818181818,22,1
1369,62.2342105263158,19,1
1370,60,1,1
1371,51.588,5,1
1373,52.406,5,1
1374,71.1293333333333,15,1
1378,55.2707692307692,26,1
1380,52.91,4,1
1384,41.066,5,1
1385,43.2972413793103,29,1
1387,41.525,4,1
1389,60,1,1
1392,30.808,20,1
1394,79.3275,28,1
1395,76.0708333333333,12,1
1398,43.5566666666667,21,1
1400,23.7895,20,1
1401,60,1,1
1406,86.21,1,1
1409,90.64,1,1
1411,74.4430769230769,26,1
1415,79.835,6,1
1417,110.91,4,1
1418,58.5675,20,1
1424,250.4,1,1
1425,96.58,1,1
1426,85.1866666666667,3,1
1428,85.9782142857143,28,1
1429,69.5069230769231,13,1
1430,46.123,10,1
1432,37.2053333333333,30,1
1433,35.3483333333333,18,1
1435,46.2483333333333,6,1
1438,48.6896153846154,26,1
1440,76.0420588235294,34,1
1441,21.06,1,1
1442,41.205,2,1
1443,60,1,1
1445,55.625,4,1
1448,110.925555555556,9,1
1450,129.681818181818,11,1
1453,60,1,1
1457,39.805,2,1
1458,64.1708333333333,12,1
1459,41.3952380952381,21,1
1462,90.9627272727273,22,1
1463,49.4046153846154,13,1
1469,32.76875,24,1
1472,69.68,8,1
1475,41.14,1,1
1478,66.08,1,1
1483,25.59,1,1
1484,76.61,6,1
1485,37.5433333333333,21,1
1488,60,8,1
1490,33.92,2,1
1492,30.21,1,1
1493,25.86,1,1
1494,24.7270833333333,24,1
1498,36.698,15,1
1500,56.1855,20,1
1501,63.731724137931,29,1
1502,29.7143333333333,30,1
1506,43.8841666666667,24,1
1507,72.5788235294118,17,1
1508,48.187037037037,27,1
1513,73.43,2,1
1514,60,1,1
1515,80.9278260869565,23,1
1516,88.8,1,1
1519,73.4651515151515,33,1
1520,111.865,2,1
1521,67.6442857142857,7,1
1522,79.8657142857143,7,1
1524,60,1,1
1525,71.58,2,1
1528,53.0145,20,1
1529,68.555,2,1
1532,34.733,10,1
1534,70.09,11,1
1535,54.0622222222222,18,1
1536,97.4518181818182,11,1
1537,49.5686666666667,30,1
1539,118.03,1,1
1541,58.6147368421053,19,1
1542,63.49,1,1
1543,72.82,2,1
1544,60,1,1
1548,62.85,1,1
1549,68.4275,8,1
1551,46.4854545454545,11,1
1556,77.96875,24,1
1557,55.2127272727273,22,1
1558,101.272727272727,11,1
1560,60,1,1
1562,101.84,2,1
1563,97.0790909090909,22,1
1564,83.1266666666667,12,1
1565,60,3,1
1566,81.8836842105263,19,1
1570,47.8978571428571,14,1
1573,52.0435,20,1
1574,51.9,7,1
1577,55.5766666666667,3,1
1581,60,1,1
1583,46.5486956521739,23,1
1584,60,1,1
1586,84.2925,4,1
1587,17.146875,16,1
1589,57.078,10,1
1591,23.6875,4,1
1592,60,2,1
1595,61.793125,16,1
1603,54.7866666666667,3,1
1604,106.776,10,1
1606,53.2493333333333,15,1
1608,60,1,1
1609,32.58,24,1
1610,67.6657142857143,7,1
1612,38.8,1,1
1613,75.039,10,1
1614,49.745,2,1
1615,56.9,1,1
1616,68.98,1,1
1617,98.8766666666667,3,1
1622,52.08,1,1
1626,104.424337349398,83,1
1628,5.26,1,1
1630,60,1,1
1633,92.0761904761905,21,1
1634,32.7079310344828,29,1
1637,100.473333333333,6,1
1638,52.6228571428571,7,1
1639,60,1,1
1643,71.452,10,1
1644,62.4164285714286,14,1
1645,49.7833333333333,3,1
1646,77.794,5,1
1647,60,1,1
1651,90.5283333333333,6,1
1652,60,1,1
1653,80.6236842105263,19,1
1654,15.11,1,1
1657,71.9589830508475,59,1
1658,29.8,1,1
1660,65.53,11,1
1662,47.9266666666667,3,1
1664,46.054,5,1
1665,59.0985714285714,7,1
1667,78.550625,16,1
1668,33.7471428571429,7,1
1672,60,3,1
1675,36.8385714285714,7,1
1677,60,1,1
1678,60,1,1
1679,58.31375,24,1
1680,60,1,1
1681,60,2,1
1683,39.88,2,1
1685,56.535,10,1
1686,12.18,1,1
1687,75.0466666666667,3,1
1688,51.7014285714286,7,1
1689,20.2275862068966,29,1
1690,41.2296428571429,28,1
1691,56.896,5,1
1694,43.9063636363636,11,1
1697,60,3,1
1698,31.66,1,1
1700,56.6376470588235,17,1
1704,42.67,5,1
1707,4.75,9,1
1710,45.3685714285714,7,1
1714,37.5983333333333,6,1
1719,62.486,5,1
1720,66.35,4,1
1721,34.1,7,1
958,44.9485,20,2
1602,60,1,2
69,60,2,2
110,60,1,2
137,42.22,3,2
138,112.02,18,2
156,41.4754545454545,11,2
158,23.4090909090909,11,2
291,65.33,2,2
324,60,1,2
355,60,1,2
405,66.5085714285714,7,2
445,62.0033333333333,3,2
486,66.66,1,2
491,60,4,2
526,60,2,2
527,107.066,5,2
735,61.26,7,2
813,67.8233333333333,3,2
867,60,2,2
924,44.64,2,2
966,53.395,2,2
1011,60,1,2
1040,84.5656756756757,37,2
1075,60,2,2
1099,26.49,17,2
1137,81.371724137931,58,2
1138,51.682,5,2
1234,115.026111111111,18,2
1280,82.02,1,2
1292,172.13,1,2
1316,69.4571428571429,7,2
1362,90.9,6,2
1375,73.804,15,2
1410,60,1,2
1427,60,1,2
1452,82.50375,8,2
1571,60,2,2
1580,57.3533333333333,12,2
1607,30.3,8,2
1661,77.8183333333333,12,2
1695,60,2,2
3,64.31,2,2
8,60,1,2
9,71.0216666666667,6,2
11,52.957,10,2
18,34.04,2,2
26,60,1,2
32,60,1,2
33,60,2,2
39,76.55,4,2
40,79.8666666666667,3,2
42,31.552,10,2
46,92.615,4,2
49,100.375,8,2
50,66.975,14,2
55,34.57,2,2
56,60,1,2
70,53.5681818181818,11,2
77,82.00625,8,2
79,51.9866666666667,3,2
80,118.85,3,2
99,133.91,3,2
101,86.6715384615385,13,2
107,54.12,1,2
108,46.6375,4,2
113,68.6433333333333,12,2
115,46.5666666666667,3,2
128,49.004,10,2
131,53.15,7,2
136,60,1,2
141,60,1,2
143,63.63,1,2
147,60,2,2
151,60,1,2
152,39.53,1,2
155,49.882,5,2
157,60,1,2
165,30.7775,4,2
170,49.4633333333333,6,2
172,60,1,2
173,102.64,7,2
176,27.55,3,2
184,63.4,1,2
190,51.1907692307692,13,2
192,71.6,2,2
193,98.37,15,2
195,54.175,2,2
196,75.3557142857143,14,2
205,71.79,16,2
206,60,8,2
210,51.3377777777778,9,2
212,81.6518918918919,37,2
215,55.7048,25,2
218,60,3,2
230,28.45,1,2
231,60,6,2
234,100.615,4,2
243,42.735,2,2
244,58.2028571428571,7,2
249,32.0733333333333,3,2
252,65.565,2,2
254,94.08,1,2
255,63.6,2,2
264,45.7576923076923,13,2
267,105.93,1,2
269,50.0442857142857,14,2
272,128.16,4,2
275,126.343636363636,22,2
276,60,1,2
277,60,1,2
278,86.2528571428571,7,2
281,59.1333333333333,30,2
282,60.5333333333333,3,2
284,102.84,22,2
285,75.918,5,2
295,77.3983333333333,6,2
306,60.23,2,2
314,52.585,16,2
316,39.9211111111111,9,2
323,77.2611111111111,18,2
326,60,2,2
327,63.16,1,2
332,76.4711111111111,9,2
333,56.308,10,2
335,19.0230769230769,13,2
336,105.768888888889,9,2
344,84.3492857142857,28,2
348,40.41,1,2
350,37.1026315789474,19,2
367,95.7858333333333,24,2
379,26.752,10,2
390,64.92,26,2
394,48.1975,4,2
396,60,1,2
401,66.3333333333333,3,2
403,62.0514285714286,7,2
404,96.52,1,2
407,54.11,1,2
409,104.78,2,2
411,66.4371428571429,7,2
417,60,1,2
424,23.51,2,2
428,60,4,2
434,51.605,20,2
437,103.95,10,2
438,99.9875,4,2
440,63.575,4,2
441,60,1,2
453,60,3,2
455,71.5686666666667,15,2
459,12.5,1,2
461,103.76,3,2
470,93.6982352941177,17,2
476,38.9633333333333,3,2
482,38.08,2,2
496,60,1,2
500,60,1,2
503,71.9792857142857,14,2
505,60,12,2
511,36.4884615384615,26,2
514,128.046086956522,23,2
518,82.5793333333333,15,2
524,105.195,2,2
529,33.16,1,2
536,76.4047368421053,19,2
543,78.6014285714286,7,2
544,21.13,1,2
546,66.8025,4,2
556,154.95,3,2
560,143.1305,20,2
564,60,1,2
567,63.7275,8,2
587,67.17,1,2
594,52.625,2,2
595,60,1,2
596,81.664,5,2
603,72.52,1,2
604,66.1266666666667,6,2
611,63.7307692307692,26,2
612,78.31,1,2
617,83.7233333333333,3,2
618,60,1,2
621,96.7311111111111,9,2
623,39.93625,8,2
624,86.55,7,2
625,85.465,2,2
633,38.61,1,2
638,47.85,4,2
639,161.23,1,2
644,84.9122222222222,9,2
649,60,1,2
652,60,2,2
653,282.57,1,2
658,61.9155555555556,9,2
663,59.84,1,2
668,49.0333333333333,3,2
669,72.73,2,2
675,64.6183333333333,6,2
684,60,1,2
700,60.74,2,2
711,73.77125,16,2
716,66.64,2,2
719,66.4,1,2
721,60,5,2
726,67.6405882352941,17,2
733,44.975,2,2
734,57.5,3,2
742,95.059,10,2
743,51.45,2,2
744,17.4257142857143,7,2
747,60,1,2
748,207.72,1,2
756,60,7,2
762,50.514,10,2
766,60,1,2
768,35.43,26,2
778,60,4,2
781,60,1,2
785,67.14,5,2
788,13.3,1,2
793,60,5,2
794,115.305,2,2
796,108.12875,8,2
798,39.43,2,2
801,60,1,2
820,67.53,1,2
822,87.883,10,2
824,86.471,30,2
825,57.14,2,2
829,76.4834482758621,29,2
831,60,3,2
832,74.0233333333333,3,2
835,94.53,1,2
837,60,1,2
842,60,6,2
846,60,1,2
847,124.936666666667,6,2
853,60,1,2
857,32.3,1,2
863,60,4,2
871,95.8459459459459,37,2
873,73.4388888888889,9,2
875,75.08,1,2
876,60,1,2
879,80.5025,4,2
882,38.435,2,2
884,77.41,3,2
885,105.881463414634,41,2
888,5.93,1,2
893,86.3165909090909,44,2
897,64.66,3,2
899,63.6866666666667,3,2
904,62.8230769230769,13,2
909,84.49875,16,2
919,106.516,5,2
920,62.885,4,2
925,99.5783333333333,6,2
926,96.27,3,2
927,84.7953846153846,13,2
939,60,1,2
941,60,1,2
947,51.35,2,2
949,60,5,2
952,60,1,2
954,10.14,1,2
955,48.07,1,2
961,98.496,5,2
962,3.03,1,2
967,111.983636363636,11,2
969,74.0764705882353,17,2
970,53.7346153846154,13,2
973,36.3,1,2
975,60,1,2
979,29.18125,8,2
980,84.9892307692308,13,2
992,78.08,1,2
996,60,1,2
997,83.0352173913043,23,2
1007,60,1,2
1008,89.2804347826087,23,2
1014,60.5783333333333,6,2
1020,60,1,2
1023,60,1,2
1038,31.29,1,2
1041,80.6516666666667,12,2
1043,31.4,3,2
1052,72.4833333333333,21,2
1055,67.01,1,2
1056,74.09,1,2
1059,60.380350877193,57,2
1062,6.49,1,2
1069,82.94,2,2
1071,60,1,2
1088,60,1,2
1089,76.05,1,2
1091,60,1,2
1092,53.6166666666667,3,2
1094,69.8406666666667,30,2
1097,66.78,5,2
1101,48.84,1,2
1109,60,1,2
1116,83.628125,16,2
1126,60,1,2
1127,60,1,2
1128,60,1,2
1132,60,1,2
1133,60,11,2
1136,83.99,3,2
1140,45.42,1,2
1146,57.0033333333333,6,2
1147,60,1,2
1149,109.161111111111,9,2
1150,64.2427272727273,11,2
1151,60,1,2
1154,34.57,1,2
1164,60,1,2
1165,60,1,2
1169,45.0366666666667,3,2
1172,60,1,2
1177,86.8957142857143,7,2
1178,81.9369565217391,23,2
1181,84.7441666666667,12,2
1182,73.7307142857143,14,2
1190,60,1,2
1192,79.38,1,2
1194,78.044,20,2
1195,60,1,2
1197,83.4373684210526,19,2
1202,40.46,1,2
1212,91.535,22,2
1217,59.8233333333333,3,2
1219,76.92,2,2
1223,60,5,2
1225,58.6966666666667,6,2
1230,55.73,2,2
1231,49.53,15,2
1233,60,1,2
1241,49.41,1,2
1242,60,1,2
1243,23.88,1,2
1244,60,8,2
1245,55.0075,4,2
1247,76.404,15,2
1248,60,1,2
1250,61.4666666666667,9,2
1257,23.47,10,2
1261,70.8354545454545,11,2
1262,36.5172727272727,11,2
1263,60,1,2
1265,102.03125,24,2
1268,21.235,2,2
1273,82.1111111111111,9,2
1284,126.888333333333,12,2
1286,42.255,2,2
1288,60,2,2
1297,96.1658620689655,29,2
1301,62.9,1,2
1303,60,2,2
1309,38.7833333333333,3,2
1312,60,2,2
1314,96.1668253968254,63,2
1318,139.745,2,2
1321,60,1,2
1324,60,4,2
1327,54.7166666666667,3,2
1338,60,2,2
1347,60,2,2
1348,45.72,7,2
1353,64.265,4,2
1354,69.8336363636364,11,2
1359,106.261888888889,90,2
1361,37.25,1,2
1365,31.8895,20,2
1368,79.2633333333333,48,2
1381,62.41,8,2
1382,60,1,2
1383,22.62,1,2
1388,22.2363157894737,19,2
1390,84.7763636363636,11,2
1416,134.97,2,2
1419,120.606,10,2
1434,34.28,1,2
1439,31.88,3,2
1447,93.2115,40,2
1449,50.9546153846154,26,2
1455,51.9766666666667,3,2
1456,60,1,2
1464,32.9697142857143,35,2
1466,41.28,4,2
1467,106.726842105263,19,2
1477,60,1,2
1479,46.7566666666667,18,2
1480,49.83,2,2
1482,101.676133333333,75,2
1487,116.965,32,2
1491,83.7,1,2
1499,66.6135714285714,14,2
1503,60,1,2
1504,63.9,2,2
1505,50.3338461538462,13,2
1517,60,1,2
1518,59.3483333333333,6,2
1530,2.18,1,2
1533,89.5829166666667,24,2
1545,76.9235294117647,17,2
1546,96.0128571428571,7,2
1550,76.6668965517241,29,2
1553,66.5266666666667,15,2
1554,60,1,2
1561,60,2,2
1568,84.9,5,2
1569,81.7178571428571,14,2
1575,77.863,10,2
1578,46.48,8,2
1585,53.9071428571429,7,2
1588,85.6988888888889,9,2
1593,60,1,2
1594,60,9,2
1597,82.6,2,2
1601,101.710476190476,21,2
1605,78.91,31,2
1611,50.212,5,2
1618,87.8,7,2
1624,60,1,2
1631,63.4971428571429,28,2
1632,55.9711111111111,9,2
1640,26.44,1,2
1648,12.59,1,2
1656,75.904,5,2
1659,60,7,2
1663,94.685,2,2
1666,59.45,6,2
1669,66.5548571428571,35,2
1670,65.5971428571429,7,2
1673,52.2614285714286,7,2
1674,60,1,2
1684,60,1,2
1693,78.0761764705882,34,2
1708,68.2983333333333,12,2
1709,60,5,2
1711,79.08,28,2
1716,53.1666666666667,3,2
817,103.15,7,3
1205,36.3833333333333,3,3
219,162.304594594595,37,3
320,72.4854545454545,11,3
360,60,1,3
372,104.226,10,3
408,60.63,1,3
548,39.8,1,3
562,34.946,5,3
570,50.9025,4,3
646,59.7048717948718,39,3
667,87.8107692307692,13,3
676,93.32,1,3
679,92.4886363636364,22,3
685,99.87,3,3
731,34.572,5,3
845,78.6125,4,3
902,24.75,1,3
1004,19.2433333333333,3,3
1031,84.1108333333333,12,3
1049,60,1,3
1093,60,3,3
1103,78.2087096774193,31,3
1148,41.7542105263158,19,3
1157,63.616976744186,43,3
1215,91.454,5,3
1294,60,1,3
1386,1.59,1,3
1431,27.8419047619048,21,3
1460,60,1,3
1552,134.17,4,3
1625,53.8464,25,3
1702,80.9665,20,3
4,64.135,8,3
20,79.33875,16,3
28,115.4475,4,3
36,60,1,3
38,60.85,3,3
44,127.1,3,3
45,67.1236363636364,22,3
47,60,1,3
51,60,3,3
58,43.75,2,3
59,60,1,3
64,70.69,4,3
65,91.3433333333333,3,3
74,60,1,3
82,71.8,2,3
88,71.765,12,3
91,57.855,2,3
92,88.1975,4,3
112,60,1,3
120,70.736,10,3
123,93.0741176470588,17,3
125,152.01,15,3
126,111.6,3,3
130,77.688,5,3
132,81.38,1,3
133,67.286,5,3
154,96.066,5,3
167,58.075,36,3
171,60,7,3
181,60,2,3
183,77.0007692307692,13,3
185,60,1,3
186,56.94,1,3
188,76.9088888888889,9,3
197,60,2,3
204,60,1,3
207,63.375,2,3
213,60,1,3
225,88.4381818181818,33,3
228,112.0625,4,3
240,82.2732352941177,34,3
250,125.917272727273,11,3
259,54.765,2,3
260,61.9325,8,3
263,69.48,19,3
265,58.5425,20,3
287,73.27,13,3
301,35.313,20,3
309,60,1,3
313,60,2,3
315,67.4766666666667,3,3
318,60,1,3
319,60,5,3
325,60,1,3
329,60.891,10,3
330,60,1,3
338,60,1,3
341,64.495,2,3
345,22.54,1,3
349,61.48,3,3
353,20.08,1,3
354,60,1,3
357,69.6874193548387,31,3
359,74.3083333333333,6,3
363,56.7892,25,3
374,60,1,3
382,100.381428571429,7,3
400,54.8563636363636,22,3
430,117.35,1,3
431,78.89,1,3
443,60,2,3
451,56.5,1,3
467,55.39,4,3
479,60,2,3
481,90.9875,8,3
485,35.6966666666667,3,3
494,65.1842857142857,7,3
507,111.04,1,3
513,60,1,3
515,22.91,1,3
517,72.2416666666667,18,3
523,78.495,2,3
533,84.2335714285714,14,3
553,60,2,3
557,17.83,1,3
566,7.19,1,3
568,34,1,3
569,62.13,1,3
575,12.42,1,3
583,60,4,3
610,40.9666666666667,3,3
613,57.165,4,3
620,46.49,1,3
632,60,2,3
655,125.74,4,3
662,87.3632,25,3
665,60,1,3
670,45.72,1,3
672,41.27,4,3
686,62.17625,8,3
698,10.04,1,3
725,5.65,1,3
727,43.0533333333333,3,3
728,80.3157142857143,7,3
780,60,1,3
790,26.94,3,3
795,68.7,3,3
799,54.4175,4,3
802,60,1,3
803,95.3771428571429,7,3
807,80.37,4,3
811,60,2,3
818,129.205714285714,7,3
819,60,1,3
826,23.745,2,3
838,188.99,1,3
843,60,1,3
851,14.37,1,3
856,97.7771428571429,21,3
858,60,1,3
872,79.34875,8,3
877,52.715,2,3
878,17.63,1,3
880,78.6682352941177,34,3
892,51.745,2,3
894,51.3566666666667,3,3
917,60,1,3
923,68.6753846153846,26,3
928,60,9,3
930,60.605,4,3
934,65.2988888888889,9,3
945,27.311,10,3
959,99.03,2,3
964,109.635,36,3
986,60,1,3
1012,32.38,3,3
1021,79.5433333333333,3,3
1022,6.55,1,3
1026,60,1,3
1035,60,1,3
1037,60,1,3
1047,61.11,1,3
1050,60,3,3
1053,161.452272727273,44,3
1057,60,1,3
1061,135.101428571429,14,3
1064,103.13,1,3
1068,85.9,2,3
1070,60,1,3
1076,60,1,3
1084,60,1,3
1104,63.4636363636364,11,3
1118,106.06,2,3
1122,55.6133333333333,3,3
1129,105.0265,20,3
1130,60,1,3
1156,70.43,1,3
1160,90.2216666666667,6,3
1175,60,1,3
1179,99.22,1,3
1183,147.265,2,3
1185,35.155,2,3
1186,60,1,3
1193,67.1,1,3
1199,25.4,9,3
1213,45.0964705882353,17,3
1229,61.9742857142857,7,3
1240,75.6,1,3
1253,26.6,1,3
1255,87.534,5,3
1258,18.6,2,3
1264,115.04,11,3
1266,98.885,2,3
1271,145.84,2,3
1274,49.74,3,3
1278,63.014,10,3
1279,60,1,3
1291,32.8875,4,3
1295,60,1,3
1298,60,2,3
1299,85.5625,4,3
1300,60,1,3
1302,64.485,2,3
1313,65.9535294117647,17,3
1317,95.1795384615385,65,3
1329,60,2,3
1331,68.6914285714286,7,3
1332,60,1,3
1340,26.5176923076923,13,3
1341,65.39125,8,3
1343,31.5190909090909,11,3
1357,60,6,3
1358,57.9433333333333,3,3
1360,60,1,3
1366,36.72875,8,3
1379,24.44,1,3
1396,65.4533333333333,9,3
1397,76.1,1,3
1402,59.9746666666667,15,3
1405,43.545,2,3
1408,60,1,3
1420,74.795,10,3
1421,54.9270588235294,17,3
1423,23.21,1,3
1444,42.18,23,3
1446,60,1,3
1451,86.41,3,3
1454,60,1,3
1465,64.44,1,3
1470,74.876,10,3
1471,60,1,3
1474,60,1,3
1481,79.4075,4,3
1495,98.765,2,3
1497,85.5770588235294,17,3
1510,82.6475,16,3
1511,60,2,3
1531,103.517727272727,22,3
1538,79.6766666666667,3,3
1567,60,10,3
1576,1.91,1,3
1582,60,1,3
1596,122.695,2,3
1598,96.38,11,3
1600,60,1,3
1620,60,1,3
1629,38.91,1,3
1635,60,1,3
1636,60,1,3
1641,21.3,1,3
1642,84.7077777777778,9,3
1650,74.9686666666667,15,3
1655,49.7541666666667,12,3
1671,63.5063636363636,11,3
1676,82.631,20,3
1682,249.24,1,3
1696,49.48375,16,3
1699,60,1,3
1712,60,1,3
1717,77.46,1,3
1718,111.55,1,3
765,60,1,4
81,41.36,3,4
588,129.76,5,4
627,10.41,1,4
783,43.27,1,4
850,74.9061290322581,31,4
1086,60,1,4
1476,168.03,1,4
1512,60,1,4
10,15.38,1,4
17,41.29,1,4
27,60,1,4
68,125.665,2,4
84,60,1,4
87,126.6,3,4
93,56.62,2,4
95,52.1933333333333,3,4
97,60,1,4
98,80.46,1,4
119,71.62375,8,4
175,80.98,1,4
179,46.75,1,4
187,60,1,4
209,60,1,4
261,24.505,2,4
271,126.71,1,4
296,60,1,4
304,60,6,4
308,60,2,4
361,60,3,4
364,111.204,20,4
370,60,39,4
378,54.68,1,4
392,55.746,20,4
393,60,1,4
402,41.1577777777778,9,4
414,60,1,4
415,60,1,4
435,60.55,1,4
449,5.92,1,4
450,60,1,4
466,47.36,1,4
474,55.1142857142857,7,4
477,95.81,1,4
510,71.175,2,4
525,74.1,5,4
534,60,1,4
541,67.1688235294118,34,4
559,46.5333333333333,6,4
565,60,1,4
574,45.2768421052632,19,4
589,137.53,1,4
597,120.255740740741,54,4
608,60.3841666666667,36,4
626,60,2,4
635,17.14,1,4
636,64.683125,16,4
637,51.73,1,4
642,180.69,1,4
645,58.1022222222222,9,4
659,28.91,1,4
681,60,1,4
693,60,1,4
710,108.7525,4,4
729,60,1,4
737,11.24,1,4
740,99.925,2,4
774,60,1,4
779,62.53,1,4
810,1.54,1,4
862,49.46,1,4
887,79.44,25,4
889,31.76,4,4
918,46.785,2,4
933,105.557,10,4
937,60,1,4
944,9.555,2,4
988,60,1,4
993,86.4875,4,4
999,91.4211111111111,9,4
1001,83.81,2,4
1005,60,1,4
1016,60,6,4
1018,24.44,1,4
1019,58.493,20,4
1027,43.5,15,4
1042,184.38,1,4
1080,102.05,3,4
1081,132.5425,4,4
1085,117.755,2,4
1096,137.759444444444,18,4
1107,60,1,4
1112,59.93,3,4
1285,60,1,4
1289,45.06,1,4
1310,88.8025,20,4
1322,60,1,4
1325,52.1242857142857,7,4
1330,60,1,4
1346,44.2157142857143,7,4
1376,76.9320689655172,29,4
1413,58.9032,25,4
1414,60,1,4
1437,83.355,2,4
1468,103.609090909091,11,4
1473,69.4466666666667,3,4
1496,60,1,4
1509,80.5491666666667,12,4
1523,60,1,4
1526,87.7175,8,4
1527,25.93,2,4
1547,60,2,4
1555,3.35,1,4
1559,60,1,4
1572,45.635,2,4
1579,58.825,2,4
1599,66.429,10,4
1619,62.31,1,4
1621,83.82,1,4
1623,60,1,4
1692,78.2916666666667,6,4
1701,68.7736363636364,11,4
